{"assets/fonts/Ostrich/ostrich-regular.ttf":["assets/fonts/Ostrich/ostrich-regular.ttf"],"assets/fonts/Web/webhostinghub-glyphs.ttf":["assets/fonts/Web/webhostinghub-glyphs.ttf"],"assets/images/Smart-black.png":["assets/images/Smart-black.png"],"assets/images/Smart-white.png":["assets/images/Smart-white.png"],"assets/images/create_user_logo.png":["assets/images/create_user_logo.png"],"assets/images/example_test_d.png":["assets/images/example_test_d.png"],"assets/images/human_initiative.png":["assets/images/human_initiative.png"],"packages/cupertino_icons/assets/CupertinoIcons.ttf":["packages/cupertino_icons/assets/CupertinoIcons.ttf"],"packages/fluttertoast/assets/toastify.css":["packages/fluttertoast/assets/toastify.css"],"packages/fluttertoast/assets/toastify.js":["packages/fluttertoast/assets/toastify.js"],"packages/font_awesome_flutter/lib/fonts/fa-brands-400.ttf":["packages/font_awesome_flutter/lib/fonts/fa-brands-400.ttf"],"packages/font_awesome_flutter/lib/fonts/fa-regular-400.ttf":["packages/font_awesome_flutter/lib/fonts/fa-regular-400.ttf"],"packages/font_awesome_flutter/lib/fonts/fa-solid-900.ttf":["packages/font_awesome_flutter/lib/fonts/fa-solid-900.ttf"]}